mae,rmse,r2,best_cv_rmse
0.0026417747139930725,0.0038465862156133327,0.9996193051338196,0.004016309355696042
