kmeans_cluster,cluster_size,average_engagement,average_credibility,average_toxicity,average_misinformation
0,39352,62.27604624923765,0.7649282882699735,0.24910665277495425,0.1864913346208579
1,6673,253.6929064888356,0.7570578450472051,0.45358789150307205,0.22084939307657725
2,3975,92.84963849056605,0.302754213836478,0.37828276729559746,0.7713018867924529
