k,inertia,silhouette_score
2,427580.02105021576,0.3027453702380185
3,382127.0389431379,0.3129842056343498
4,354771.2032281744,0.12161112520689454
5,328802.95021575945,0.129061360318761
6,307055.2763965862,0.12485014692073493
7,288704.650998352,0.12554926449709022
8,273464.27135050995,0.12937242402315954
9,264854.6171924448,0.13052386183812675
10,256758.28458293687,0.13405581174802841
