mae,rmse,r2,best_cv_rmse
92.23109518682861,274.66864530987414,0.045002816668578305,247.6615486541762
