mae,rmse,r2,best_cv_rmse
0.0037926201533555956,0.005951733192550279,0.9988634220877504,0.0065514644555173555
