mae,rmse,r2,best_cv_rmse
0.0036291192547619347,0.005670239324366401,0.9991727244268774,0.005894950417645865
