k,inertia,silhouette_score,silhouette_sampled,silhouette_sample_size
2,86872.0,0.3040844202041626,False,10000
3,77882.09375,0.312666654586792,False,10000
4,71760.625,0.2985197901725769,False,10000
5,66279.3671875,0.12911096215248108,False,10000
6,61801.01953125,0.12643206119537354,False,10000
7,58161.86328125,0.1260828822851181,False,10000
8,55174.1171875,0.13020969927310944,False,10000
9,53361.65234375,0.13144849240779877,False,10000
10,51663.28125,0.13229630887508392,False,10000
