mae,rmse,r2,best_cv_rmse,training_seconds,device_used
0.0027012096252292395,0.004003532504164691,0.9995875954627991,0.004725598730146885,28.34357215900036,cuda
