mae,rmse,r2,best_cv_rmse,training_seconds,device_used
0.002724546706303954,0.003966352463171669,0.9994952082633972,0.004768283572047949,26.636469406000288,cuda
