kmeans_cluster,cluster_size,average_engagement,average_credibility,average_toxicity,average_misinformation
0,39352,62.276047,0.7649283,0.24910665,0.18649134
1,6673,253.6929,0.75705785,0.4535879,0.2208494
2,3975,92.84964,0.30275422,0.37828276,0.7713019
