k,inertia,silhouette_score
2,427579.8125,0.30249977111816406
3,382127.03125,0.3129841983318329
4,354771.0625,0.12161112576723099
5,328803.65625,0.12916556000709534
6,307055.3125,0.12485015392303467
7,288704.25,0.12555426359176636
8,273464.21875,0.12937241792678833
9,264855.21875,0.13055098056793213
10,256825.5625,0.13408976793289185
