mae,rmse,r2,best_cv_rmse
0.0025606914423406124,0.003683329608511413,0.9995647072792053,0.0040529655913511915
